Accuracy,Precision,Recall,F1-score,ROC AUC,Confusion_Matrix
0.9285714285714286,1.0,0.5,0.6666666666666666,0.9583333333333333,"[[12, 0], [1, 1]]"
